WHO_label;pango;type_variant;amino_acid_change;protein_codon_position;REF_protein;ALT_protein;gene;effect;snpeff_original_mut;ref_pos_alt;ref;alt
Alpha;B.1.1.7;VOC;NANANA;;;;CHR_START-ORF1ab;intergenic_region;;C241T;C;T
Alpha;B.1.1.7;VOC;S216S;216;S;S;ORF1ab;synonymous_variant;;C913T;C;T
Alpha;B.1.1.7;VOC;F924F;924;F;F;ORF1ab;synonymous_variant;;C3037T;C;T
Alpha;B.1.1.7;VOC;T1001I;1001;T;I;ORF1ab;missense_variant;;C3267T;C;T
Alpha;B.1.1.7;VOC;A1708D;1708;A;D;ORF1ab;missense_variant;;C5388A;C;A
Alpha;B.1.1.7;VOC;F1907F;1907;F;F;ORF1ab;synonymous_variant;;C5986T;C;T
Alpha;B.1.1.7;VOC;I2230T;2230;I;T;ORF1ab;missense_variant;;T6954C;T;C
Alpha;B.1.1.7;VOC;S3675_F3677del;3675;S;del;ORF1ab;conservative_inframe_deletion;;GTCTGGTTTT11287G;GTCTGGTTTT;G
Alpha;B.1.1.7;VOC;P4715L;4715;P;L;ORF1ab;missense_variant;;C14408T;C;T
Alpha;B.1.1.7;VOC;P4804P;4804;P;P;ORF1ab;synonymous_variant;;C14676T;C;T
Alpha;B.1.1.7;VOC;H5005H;5005;H;H;ORF1ab;synonymous_variant;;C15279T;C;T
Alpha;B.1.1.7;VOC;T5304T;5304;T;T;ORF1ab;synonymous_variant;;T16176C;T;C
Alpha;B.1.1.7;VOC;K5784R;5784;K;R;ORF1ab;missense_variant;;A17615G;A;G
Alpha;B.1.1.7;VOC;H69_V70del;69;H;del;S;disruptive_inframe_deletion;;ATACATG21764A;ATACATG;A
Alpha;B.1.1.7;VOC;Y144del;144;Y;del;S;disruptive_inframe_deletion;p.Tyr145del;TTTA21990T;TTTA;T
Alpha;B.1.1.7;VOC;N501Y;501;N;Y;S;missense_variant;;A23063T;A;T
Alpha;B.1.1.7;VOC;A570D;570;A;D;S;missense_variant;;C23271A;C;A
Alpha;B.1.1.7;VOC;D614G;614;D;G;S;missense_variant;;A23403G;A;G
Alpha;B.1.1.7;VOC;P681H;681;P;H;S;missense_variant;;C23604A;C;A
Alpha;B.1.1.7;VOC;T716I;716;T;I;S;missense_variant;;C23709T;C;T
Alpha;B.1.1.7;VOC;S982A;982;S;A;S;missense_variant;;T24506G;T;G
Alpha;B.1.1.7;VOC;D1118H;1118;D;H;S;missense_variant;;G24914C;G;C
Alpha;B.1.1.7;VOC;Q27*;27;Q;*;ORF8;stop_gained;;C27972T;C;T
Alpha;B.1.1.7;VOC;R52I;52;R;I;ORF8;missense_variant;;G28048T;G;T
Alpha;B.1.1.7;VOC;Y73C;73;Y;C;ORF8;missense_variant;;A28111G;A;G
Alpha;B.1.1.7;VOC;NANANA;;;;ORF8-N;intergenic_region;;TA28270T;TA;T
Alpha;B.1.1.7;VOC;D3V;3;D;V;N;missense_variant;;A28281T;A;T
Alpha;B.1.1.7;VOC;R203K;203;R;K;N;missense_variant;;G28881A;G;A
Alpha;B.1.1.7;VOC;R203R;203;R;R;N;synonymous_variant;;G28882A;G;A
Alpha;B.1.1.7;VOC;G204R;204;G;R;N;missense_variant;;G28883C;G;C
Alpha;B.1.1.7;VOC;S235F;235;S;F;N;missense_variant;;C28977T;C;T
Beta;B.1.351;VOC;NANANA;;;;CHR_START-ORF1ab;intergenic_region;;G174T;G;T
Beta;B.1.351;VOC;NANANA;;;;CHR_START-ORF1ab;intergenic_region;;C241T;C;T
Beta;B.1.351;VOC;T265I;265;T;I;ORF1ab;missense_variant;;C1059T;C;T
Beta;B.1.351;VOC;F924F;924;F;F;ORF1ab;synonymous_variant;;C3037T;C;T
Beta;B.1.351;VOC;K1655N;1655;K;N;ORF1ab;missense_variant;;G5230T;G;T
Beta;B.1.351;VOC;K3353R;3353;K;R;ORF1ab;missense_variant;;A10323G;A;G
Beta;B.1.351;VOC;S3675_F3677del;3675;S;del;ORF1ab;conservative_inframe_deletion;;GTCTGGTTTT11287G;GTCTGGTTTT;G
Beta;B.1.351;VOC;P4715L;4715;P;L;ORF1ab;missense_variant;;C14408T;C;T
Beta;B.1.351;VOC;D80A;80;D;A;S;missense_variant;;A21801C;A;C
Beta;B.1.351;VOC;D215G;215;D;G;S;missense_variant;;A22206G;A;G
Beta;B.1.351;VOC;L242_L244del;242;L;del;S;disruptive_inframe_deletion;;ACTTTACTTG22280A;ACTTTACTTG;A
Beta;B.1.351;VOC;K417N;417;K;N;S;missense_variant;;G22813T;G;T
Beta;B.1.351;VOC;E484K;484;E;K;S;missense_variant;;G23012A;G;A
Beta;B.1.351;VOC;N501Y;501;N;Y;S;missense_variant;;A23063T;A;T
Beta;B.1.351;VOC;D614G;614;D;G;S;missense_variant;;A23403G;A;G
Beta;B.1.351;VOC;A701V;701;A;V;S;missense_variant;;C23664T;C;T
Beta;B.1.351;VOC;Q57H;57;Q;H;ORF3a;missense_variant;;G25563T;G;T
Beta;B.1.351;VOC;P71L;71;P;L;E;missense_variant;;C26456T;C;T
Beta;B.1.351;VOC;F120F;120;F;F;ORF8;synonymous_variant;;C28253T;C;T
Beta;B.1.351;VOC;T205I;205;T;I;N;missense_variant;;C28887T;C;T
Beta;B.1.351;VOC;T205T;205;T;T;N;synonymous_variant;;T28888C;T;C
Gamma;P.1;VOC;NANANA;;;;CHR_START-ORF1ab;intergenic_region;;C241T;C;T
Gamma;P.1;VOC;D156D;156;D;D;ORF1ab;synonymous_variant;;T733C;T;C
Gamma;P.1;VOC;D828D;828;D;D;ORF1ab;synonymous_variant;;C2749T;C;T
Gamma;P.1;VOC;F924F;924;F;F;ORF1ab;synonymous_variant;;C3037T;C;T
Gamma;P.1;VOC;S1188L;1188;S;L;ORF1ab;missense_variant;;C3828T;C;T
Gamma;P.1;VOC;K1795Q;1795;K;Q;ORF1ab;missense_variant;;A5648C;A;C
Gamma;P.1;VOC;P2018P;2018;P;P;ORF1ab;synonymous_variant;;A6319G;A;G
Gamma;P.1;VOC;V2116V;2116;V;V;ORF1ab;synonymous_variant;;A6613G;A;G
Gamma;P.1;VOC;S3675_F3677del;3675;S;del;ORF1ab;conservative_inframe_deletion;;GTCTGGTTTT11287G;GTCTGGTTTT;G
Gamma;P.1;VOC;Y4171Y;4171;Y;Y;ORF1ab;synonymous_variant;;C12778T;C;T
Gamma;P.1;VOC;D4532D;4532;D;D;ORF1ab;synonymous_variant;;C13860T;C;T
Gamma;P.1;VOC;P4715L;4715;P;L;ORF1ab;missense_variant;;C14408T;C;T
Gamma;P.1;VOC;E5665D;5665;E;D;ORF1ab;missense_variant;;G17259T;G;T
Gamma;P.1;VOC;L18F;18;L;F;S;missense_variant;;C21614T;C;T
Gamma;P.1;VOC;T20N;20;T;N;S;missense_variant;;C21621A;C;A
Gamma;P.1;VOC;P26S;26;P;S;S;missense_variant;;C21638T;C;T
Gamma;P.1;VOC;D138Y;138;D;Y;S;missense_variant;;G21974T;G;T
Gamma;P.1;VOC;R190S;190;R;S;S;missense_variant;;G22132T;G;T
Gamma;P.1;VOC;K417T;417;K;T;S;missense_variant;;A22812C;A;C
Gamma;P.1;VOC;E484K;484;E;K;S;missense_variant;;G23012A;G;A
Gamma;P.1;VOC;N501Y;501;N;Y;S;missense_variant;;A23063T;A;T
Gamma;P.1;VOC;D614G;614;D;G;S;missense_variant;;A23403G;A;G
Gamma;P.1;VOC;H655Y;655;H;Y;S;missense_variant;;C23525T;C;T
Gamma;P.1;VOC;T1027I;1027;T;I;S;missense_variant;;C24642T;C;T
Gamma;P.1;VOC;V1176F;1176;V;F;S;missense_variant;;G25088T;G;T
Gamma;P.1;VOC;S253P;253;S;P;ORF3a;missense_variant;;T26149C;T;C
Gamma;P.1;VOC;E92K;92;E;K;ORF8;missense_variant;;G28167A;G;A
Gamma;P.1;VOC;NANANA;;;;ORF8-N;intergenic_region;;G28262GAACA;G;GAACA
Gamma;P.1;VOC;P80R;80;P;R;N;missense_variant;;C28512G;C;G
Gamma;P.1;VOC;R203K;203;R;K;N;missense_variant;;G28881A;G;A
Gamma;P.1;VOC;G204R;204;G;R;N;missense_variant;;G28883C;G;C
Gamma;P.1;VOC;NANANA;;;;ORF10-CHR_END;intergenic_region;;T29834A;T;A
Delta;B.1.617.2;VOC;R158G;158;R;G;S;disruptive_inframe_deletion;p.Glu156_Arg158delinsGly;GAGTTCA22028G;GAGTTCA;G
Delta;B.1.617.2;VOC;NANANA;;;;CHR_START-ORF1ab;intergenic_region;;G210T;G;T
Delta;B.1.617.2;VOC;NANANA;;;;CHR_START-ORF1ab;intergenic_region;;C241T;C;T
Delta;B.1.617.2;VOC;F924F;924;F;F;ORF1ab;synonymous_variant;;C3037T;C;T
Delta;B.1.617.2;VOC;A3209V;3209;A;V;ORF1ab;missense_variant;;C9891T;C;T
Delta;B.1.617.2;VOC;V3718A;3718;V;A;ORF1ab;missense_variant;;T11418C;T;C
Delta;B.1.617.2;VOC;Y4227Y;4227;Y;Y;ORF1ab;synonymous_variant;;T12946C;T;C
Delta;B.1.617.2;VOC;D4666D;4666;D;D;ORF1ab;synonymous_variant;;C14262T;C;T
Delta;B.1.617.2;VOC;P4715L;4715;P;L;ORF1ab;missense_variant;;C14408T;C;T
Delta;B.1.617.2;VOC;P5401L;5401;P;L;ORF1ab;missense_variant;;C16466T;C;T
Delta;B.1.617.2;VOC;L6666L;6666;L;L;ORF1ab;synonymous_variant;;A20262G;A;G
Delta;B.1.617.2;VOC;T19R;19;T;R;S;missense_variant;;C21618G;C;G
Delta;B.1.617.2;VOC;E156_F157del;156;E;del;S;disruptive_inframe_deletion;p.Glu156_Arg158delinsGly;GAGTTCA22028G;GAGTTCA;G
Delta;B.1.617.2;VOC;L452R;452;L;R;S;missense_variant;;T22917G;T;G
Delta;B.1.617.2;VOC;T478K;478;T;K;S;missense_variant;;C22995A;C;A
Delta;B.1.617.2;VOC;D614G;614;D;G;S;missense_variant;;A23403G;A;G
Delta;B.1.617.2;VOC;P681R;681;P;R;S;missense_variant;;C23604G;C;G
Delta;B.1.617.2;VOC;D950N;950;D;N;S;missense_variant;;G24410A;G;A
Delta;B.1.617.2;VOC;S26L;26;S;L;ORF3a;missense_variant;;C25469T;C;T
Delta;B.1.617.2;VOC;I82T;82;I;T;M;missense_variant;;T26767C;T;C
Delta;B.1.617.2;VOC;V82A;82;V;A;ORF7a;missense_variant;;T27638C;T;C
Delta;B.1.617.2;VOC;L116F;116;L;F;ORF7a;missense_variant;;C27739T;C;T
Delta;B.1.617.2;VOC;T120I;120;T;I;ORF7a;missense_variant;;C27752T;C;T
Delta;B.1.617.2;VOC;D119_F120del;119;D;del;ORF8;conservative_inframe_deletion;;AGATTTC28247A;AGATTTC;A
Delta;B.1.617.2;VOC;F120F;120;F;F;ORF8;synonymous_variant;;C28253T;C;T
Delta;B.1.617.2;VOC;NANANA;;;;ORF8-N;intergenic_region;;TA28270T;TA;T
Delta;B.1.617.2;VOC;D63G;63;D;G;N;missense_variant;;A28461G;A;G
Delta;B.1.617.2;VOC;R203M;203;R;M;N;missense_variant;;G28881T;G;T
Delta;B.1.617.2;VOC;D377Y;377;D;Y;N;missense_variant;;G29402T;G;T
Delta;B.1.617.2;VOC;NANANA;;;;ORF10-CHR_END;intergenic_region;;G29742T;G;T
Epsilon;B.1.427/1.429;VOI;NANANA;;;;CHR_START-ORF1ab;intergenic_region;;C241T;C;T
Epsilon;B.1.427/1.429;VOI;T265I;265;T;I;ORF1ab;missense_variant;;C1059T;C;T
Epsilon;B.1.427/1.429;VOI;F924F;924;F;F;ORF1ab;synonymous_variant;;C3037T;C;T
Epsilon;B.1.427/1.429;VOI;S3158T;3158;S;T;ORF1ab;missense_variant;;G9738C;G;C
Epsilon;B.1.427/1.429;VOI;K4483K;4483;K;K;ORF1ab;synonymous_variant;;G13713A;G;A
Epsilon;B.1.427/1.429;VOI;P4715L;4715;P;L;ORF1ab;missense_variant;;C14408T;C;T
Epsilon;B.1.427/1.429;VOI;P5377L;5377;P;L;ORF1ab;missense_variant;;C16394T;C;T
Epsilon;B.1.427/1.429;VOI;D5584Y;5584;D;Y;ORF1ab;missense_variant;;G17014T;G;T
Epsilon;B.1.427/1.429;VOI;S13I;13;S;I;S;missense_variant;;G21600T;G;T
Epsilon;B.1.427/1.429;VOI;W152C;152;W;C;S;missense_variant;;G22018T;G;T
Epsilon;B.1.427/1.429;VOI;L452R;452;L;R;S;missense_variant;;T22917G;T;G
Epsilon;B.1.427/1.429;VOI;D614G;614;D;G;S;missense_variant;;A23403G;A;G
Epsilon;B.1.427/1.429;VOI;Q57H;57;Q;H;ORF3a;missense_variant;;G25563T;G;T
Epsilon;B.1.427/1.429;VOI;F53F;53;F;F;M;synonymous_variant;;C26681T;C;T
Epsilon;B.1.427/1.429;VOI;NANANA;;;;ORF8-N;intergenic_region;;A28272T;A;T
Epsilon;B.1.427/1.429;VOI;T205I;205;T;I;N;missense_variant;;C28887T;C;T
Epsilon;B.1.427/1.429;VOI;F363F;363;F;F;N;synonymous_variant;;C29362T;C;T
Epsilon;B.1.427/1.429;VOI;NANANA;;;;CHR_START-ORF1ab;intergenic_region;;C241T;C;T
Epsilon;B.1.427/1.429;VOI;T265I;265;T;I;ORF1ab;missense_variant;;C1059T;C;T
Epsilon;B.1.427/1.429;VOI;F924F;924;F;F;ORF1ab;synonymous_variant;;C3037T;C;T
Epsilon;B.1.427/1.429;VOI;S3158T;3158;S;T;ORF1ab;missense_variant;;G9738C;G;C
Epsilon;B.1.427/1.429;VOI;K4483K;4483;K;K;ORF1ab;synonymous_variant;;G13713A;G;A
Epsilon;B.1.427/1.429;VOI;P4715L;4715;P;L;ORF1ab;missense_variant;;C14408T;C;T
Epsilon;B.1.427/1.429;VOI;P5377L;5377;P;L;ORF1ab;missense_variant;;C16394T;C;T
Epsilon;B.1.427/1.429;VOI;D5584Y;5584;D;Y;ORF1ab;missense_variant;;G17014T;G;T
Epsilon;B.1.427/1.429;VOI;S13I;13;S;I;S;missense_variant;;G21600T;G;T
Epsilon;B.1.427/1.429;VOI;W152C;152;W;C;S;missense_variant;;G22018T;G;T
Epsilon;B.1.427/1.429;VOI;L452R;452;L;R;S;missense_variant;;T22917G;T;G
Epsilon;B.1.427/1.429;VOI;D614G;614;D;G;S;missense_variant;;A23403G;A;G
Epsilon;B.1.427/1.429;VOI;Q57H;57;Q;H;ORF3a;missense_variant;;G25563T;G;T
Epsilon;B.1.427/1.429;VOI;F53F;53;F;F;M;synonymous_variant;;C26681T;C;T
Epsilon;B.1.427/1.429;VOI;NANANA;;;;ORF8-N;intergenic_region;;A28272T;A;T
Epsilon;B.1.427/1.429;VOI;T205I;205;T;I;N;missense_variant;;C28887T;C;T
Zeta;P.2;VOI;NANANA;;;;CHR_START-ORF1ab;intergenic_region;;C100T;C;T
Zeta;P.2;VOI;NANANA;;;;CHR_START-ORF1ab;intergenic_region;;C241T;C;T
Zeta;P.2;VOI;F924F;924;F;F;ORF1ab;synonymous_variant;;C3037T;C;T
Zeta;P.2;VOI;L3468V;3468;L;V;ORF1ab;missense_variant;;T10667G;T;G
Zeta;P.2;VOI;I3853I;3853;I;I;ORF1ab;synonymous_variant;;C11824T;C;T
Zeta;P.2;VOI;L3930F;3930;L;F;ORF1ab;missense_variant;;C12053T;C;T
Zeta;P.2;VOI;G4233G;4233;G;G;ORF1ab;synonymous_variant;;A12964G;A;G
Zeta;P.2;VOI;P4715L;4715;P;L;ORF1ab;missense_variant;;C14408T;C;T
Zeta;P.2;VOI;E484K;484;E;K;S;missense_variant;;G23012A;G;A
Zeta;P.2;VOI;D614G;614;D;G;S;missense_variant;;A23403G;A;G
Zeta;P.2;VOI;V1176F;1176;V;F;S;missense_variant;;G25088T;G;T
Zeta;P.2;VOI;F120F;120;F;F;ORF8;synonymous_variant;;C28253T;C;T
Zeta;P.2;VOI;A119S;119;A;S;N;missense_variant;;G28628T;G;T
Zeta;P.2;VOI;R203K;203;R;K;N;missense_variant;;G28881A;G;A
Zeta;P.2;VOI;R203R;203;R;R;N;synonymous_variant;;G28882A;G;A
Zeta;P.2;VOI;G204R;204;G;R;N;missense_variant;;G28883C;G;C
Zeta;P.2;VOI;M234I;234;M;I;N;missense_variant;;G28975T;G;T
Zeta;P.2;VOI;NANANA;;;;ORF10-CHR_END;intergenic_region;;C29754T;C;T
Eta;B.1.525;VOI;NANANA;;;;CHR_START-ORF1ab;intergenic_region;;A12T;A;T
Eta;B.1.525;VOI;NANANA;;;;CHR_START-ORF1ab;intergenic_region;;C241T;C;T
Eta;B.1.525;VOI;F411F;411;F;F;ORF1ab;synonymous_variant;;C1498T;C;T
Eta;B.1.525;VOI;G514G;514;G;G;ORF1ab;synonymous_variant;;A1807G;A;G
Eta;B.1.525;VOI;K798K;798;K;K;ORF1ab;synonymous_variant;;G2659A;G;A
Eta;B.1.525;VOI;F924F;924;F;F;ORF1ab;synonymous_variant;;C3037T;C;T
Eta;B.1.525;VOI;T2007I;2007;T;I;ORF1ab;missense_variant;;C6285T;C;T
Eta;B.1.525;VOI;V2776V;2776;V;V;ORF1ab;synonymous_variant;;T8593C;T;C
Eta;B.1.525;VOI;F3100F;3100;F;F;ORF1ab;synonymous_variant;;C9565T;C;T
Eta;B.1.525;VOI;S3675_F3677del;3675;S;del;ORF1ab;conservative_inframe_deletion;;GTCTGGTTTT11287G;GTCTGGTTTT;G
Eta;B.1.525;VOI;P4715S;4715;P;S;ORF1ab;missense_variant;;C14407T;C;T
Eta;B.1.525;VOI;P4715L;4715;P;L;ORF1ab;missense_variant;;C14408T;C;T
Eta;B.1.525;VOI;G5969G;5969;G;G;ORF1ab;synonymous_variant;;C18171T;C;T
Eta;B.1.525;VOI;L6820L;6820;L;L;ORF1ab;synonymous_variant;;A20724G;A;G
Eta;B.1.525;VOI;Q52R;52;Q;R;S;missense_variant;;A21717G;A;G
Eta;B.1.525;VOI;A67V;67;A;V;S;missense_variant;;C21762T;C;T
Eta;B.1.525;VOI;H69_V70del;69;H;del;S;disruptive_inframe_deletion;;ATACATG21764A;ATACATG;A
Eta;B.1.525;VOI;Y144del;144;Y;del;S;disruptive_inframe_deletion;p.Tyr145del;TTTA21990T;TTTA;T
Eta;B.1.525;VOI;E484K;484;E;K;S;missense_variant;;G23012A;G;A
Eta;B.1.525;VOI;D614G;614;D;G;S;missense_variant;;A23403G;A;G
Eta;B.1.525;VOI;Q677H;677;Q;H;S;missense_variant;;G23593C;G;C
Eta;B.1.525;VOI;F888L;888;F;L;S;missense_variant;;T24224C;T;C
Eta;B.1.525;VOI;F1062F;1062;F;F;S;synonymous_variant;;C24748T;C;T
Eta;B.1.525;VOI;L21F;21;L;F;E;missense_variant;;C26305T;C;T
Eta;B.1.525;VOI;I82T;82;I;T;M;missense_variant;;T26767C;T;C
Eta;B.1.525;VOI;F2del;2;F;del;ORF6;conservative_inframe_deletion;;GTTT27204G;GTTT;G
Eta;B.1.525;VOI;S2_D3del;2;S;del;N;disruptive_inframe_deletion;p.Ser2_Asp3delinsTyr;TCTG28277T;TCTG;T
Eta;B.1.525;VOI;A12G;12;A;G;N;missense_variant;;C28308G;C;G
Eta;B.1.525;VOI;P142P;142;P;P;N;synonymous_variant;;A28699G;A;G
Eta;B.1.525;VOI;T205I;205;T;I;N;missense_variant;;C28887T;C;T
Eta;B.1.525;VOI;NANANA;;;;N-ORF10;intergenic_region;;G29543T;G;T
Eta;B.1.525;VOI;NANANA;;;;ORF10-CHR_END;intergenic_region;;TTTCACCGAGGCCACGCGGAGTACGATCGAGTGTACAGTGAACAATGCTAG29727T;TTTCACCGAGGCCACGCGGAGTACGATCGAGTGTACAGTGAACAATGCTAG;T
Theta;P.3;VOI;NANANA;;;;CHR_START-ORF1ab;intergenic_region;;C241T;C;T
Theta;P.3;VOI;F924F;924;F;F;ORF1ab;synonymous_variant;;C3037T;C;T
Theta;P.3;VOI;D1554G;1554;D;G;ORF1ab;missense_variant;;A4926G;A;G
Theta;P.3;VOI;S2433S;2433;S;S;ORF1ab;synonymous_variant;;C7564A;C;A
Theta;P.3;VOI;S2625F;2625;S;F;ORF1ab;missense_variant;;C8139T;C;T
Theta;P.3;VOI;D2980N;2980;D;N;ORF1ab;missense_variant;;G9203A;G;A
Theta;P.3;VOI;L3201P;3201;L;P;ORF1ab;missense_variant;;T9867C;T;C
Theta;P.3;VOI;D3681E;3681;D;E;ORF1ab;missense_variant;;C11308A;C;A
Theta;P.3;VOI;N3928N;3928;N;N;ORF1ab;synonymous_variant;;C12049T;C;T
Theta;P.3;VOI;L3930F;3930;L;F;ORF1ab;missense_variant;;C12053T;C;T
Theta;P.3;VOI;P4715L;4715;P;L;ORF1ab;missense_variant;;C14408T;C;T
Theta;P.3;VOI;L5604F;5604;L;F;ORF1ab;missense_variant;;C17074T;C;T
Theta;P.3;VOI;A5692V;5692;A;V;ORF1ab;missense_variant;;C17339T;C;T
Theta;P.3;VOI;L141_V143del;141;L;del;S;disruptive_inframe_deletion;;TTTTTGGGTG21980T;TTTTTGGGTG;T
Theta;P.3;VOI;A243_L244del;243;A;del;S;conservative_inframe_deletion;;TGCTTTA22288T;TGCTTTA;T
Theta;P.3;VOI;Y265C;265;Y;C;S;missense_variant;;A22356G;A;G
Theta;P.3;VOI;E484K;484;E;K;S;missense_variant;;G23012A;G;A
Theta;P.3;VOI;N501Y;501;N;Y;S;missense_variant;;A23063T;A;T
Theta;P.3;VOI;G593G;593;G;G;S;synonymous_variant;;T23341C;T;C
Theta;P.3;VOI;D614G;614;D;G;S;missense_variant;;A23403G;A;G
Theta;P.3;VOI;P681H;681;P;H;S;missense_variant;;C23604A;C;A
Theta;P.3;VOI;S875S;875;S;S;S;synonymous_variant;;T24187A;T;A
Theta;P.3;VOI;E1092K;1092;E;K;S;missense_variant;;G24836A;G;A
Theta;P.3;VOI;H1101Y;1101;H;Y;S;missense_variant;;C24863T;C;T
Theta;P.3;VOI;V1176F;1176;V;F;S;missense_variant;;G25088T;G;T
Theta;P.3;VOI;K2Q;2;K;Q;ORF8;missense_variant;;A27897C;A;C
Theta;P.3;VOI;NANANA;;;;ORF8-N;intergenic_region;;TA28270T;TA;T
Theta;P.3;VOI;R203K;203;R;K;N;missense_variant;;G28881A;G;A
Theta;P.3;VOI;R203R;203;R;R;N;synonymous_variant;;G28882A;G;A
Theta;P.3;VOI;G204R;204;G;R;N;missense_variant;;G28883C;G;C
Theta;P.3;VOI;NANANA;;;;ORF10-CHR_END;intergenic_region;;C29724T;C;T
Iota;B.1.526;VOI;NANANA;;;;CHR_START-ORF1ab;intergenic_region;;C241T;C;T
Iota;B.1.526;VOI;T265I;265;T;I;ORF1ab;missense_variant;;C1059T;C;T
Iota;B.1.526;VOI;F924F;924;F;F;ORF1ab;synonymous_variant;;C3037T;C;T
Iota;B.1.526;VOI;K3162E;3162;K;E;ORF1ab;missense_variant;;A9749G;A;G
Iota;B.1.526;VOI;L3201P;3201;L;P;ORF1ab;missense_variant;;T9867C;T;C
Iota;B.1.526;VOI;A3209V;3209;A;V;ORF1ab;missense_variant;;C9891T;C;T
Iota;B.1.526;VOI;S3675_F3677del;3675;S;del;ORF1ab;conservative_inframe_deletion;;GTCTGGTTTT11287G;GTCTGGTTTT;G
Iota;B.1.526;VOI;P4715L;4715;P;L;ORF1ab;missense_variant;;C14408T;C;T
Iota;B.1.526;VOI;Q5412H;5412;Q;H;ORF1ab;missense_variant;;A16500C;A;C
Iota;B.1.526;VOI;L6666L;6666;L;L;ORF1ab;synonymous_variant;;A20262G;A;G
Iota;B.1.526;VOI;L5F;5;L;F;S;missense_variant;;C21575T;C;T
Iota;B.1.526;VOI;T95I;95;T;I;S;missense_variant;;C21846T;C;T
Iota;B.1.526;VOI;F157S;157;F;S;S;missense_variant;;T22032C;T;C
Iota;B.1.526;VOI;D253G;253;D;G;S;missense_variant;;A22320G;A;G
Iota;B.1.526;VOI;E484K;484;E;K;S;missense_variant;;G23012A;G;A
Iota;B.1.526;VOI;D614G;614;D;G;S;missense_variant;;A23403G;A;G
Iota;B.1.526;VOI;A701V;701;A;V;S;missense_variant;;C23664T;C;T
Iota;B.1.526;VOI;D950H;950;D;H;S;missense_variant;;G24410C;G;C
Iota;B.1.526;VOI;P42L;42;P;L;ORF3a;missense_variant;;C25517T;C;T
Iota;B.1.526;VOI;Q57H;57;Q;H;ORF3a;missense_variant;;G25563T;G;T
Iota;B.1.526;VOI;T11I;11;T;I;ORF8;missense_variant;;C27925T;C;T
Iota;B.1.526;VOI;A51S;51;A;S;ORF8;missense_variant;;G28044T;G;T
Iota;B.1.526;VOI;NANANA;;;;ORF8-N;intergenic_region;;TA28270T;TA;T
Iota;B.1.526;VOI;P199L;199;P;L;N;missense_variant;;C28869T;C;T
Iota;B.1.526;VOI;M234I;234;M;I;N;missense_variant;;G28975A;G;A
Kappa;B.1.617.1;VOI;NANANA;;;;CHR_START-ORF1ab;intergenic_region;;G210T;G;T
Kappa;B.1.617.1;VOI;NANANA;;;;CHR_START-ORF1ab;intergenic_region;;C241T;C;T
Kappa;B.1.617.1;VOI;F924F;924;F;F;ORF1ab;synonymous_variant;;C3037T;C;T
Kappa;B.1.617.1;VOI;Y1064Y;1064;Y;Y;ORF1ab;synonymous_variant;;C3457T;C;T
Kappa;B.1.617.1;VOI;T1567I;1567;T;I;ORF1ab;missense_variant;;C4965T;C;T
Kappa;B.1.617.1;VOI;T3646A;3646;T;A;ORF1ab;missense_variant;;A11201G;A;G
Kappa;B.1.617.1;VOI;P4715L;4715;P;L;ORF1ab;missense_variant;;C14408T;C;T
Kappa;B.1.617.1;VOI;G5530C;5530;G;C;ORF1ab;missense_variant;;G16852T;G;T
Kappa;B.1.617.1;VOI;M5753I;5753;M;I;ORF1ab;missense_variant;;G17523T;G;T
Kappa;B.1.617.1;VOI;K6711R;6711;K;R;ORF1ab;missense_variant;;A20396G;A;G
Kappa;B.1.617.1;VOI;S6713A;6713;S;A;ORF1ab;missense_variant;;T20401G;T;G
Kappa;B.1.617.1;VOI;T95I;95;T;I;S;missense_variant;;C21846T;C;T
Kappa;B.1.617.1;VOI;D111D;111;D;D;S;synonymous_variant;;T21895C;T;C
Kappa;B.1.617.1;VOI;E154K;154;E;K;S;missense_variant;;G22022A;G;A
Kappa;B.1.617.1;VOI;L452R;452;L;R;S;missense_variant;;T22917G;T;G
Kappa;B.1.617.1;VOI;E484Q;484;E;Q;S;missense_variant;;G23012C;G;C
Kappa;B.1.617.1;VOI;D614G;614;D;G;S;missense_variant;;A23403G;A;G
Kappa;B.1.617.1;VOI;P681R;681;P;R;S;missense_variant;;C23604G;C;G
Kappa;B.1.617.1;VOI;Q1071H;1071;Q;H;S;missense_variant;;A24775T;A;T
Kappa;B.1.617.1;VOI;S26L;26;S;L;ORF3a;missense_variant;;C25469T;C;T
Kappa;B.1.617.1;VOI;F53F;53;F;F;M;synonymous_variant;;C26681T;C;T
Kappa;B.1.617.1;VOI;I82S;82;I;S;M;missense_variant;;T26767G;T;G
Kappa;B.1.617.1;VOI;I33T;33;I;T;ORF6;missense_variant;;T27299C;T;C
Kappa;B.1.617.1;VOI;V82A;82;V;A;ORF7a;missense_variant;;T27638C;T;C
Kappa;B.1.617.1;VOI;NANANA;;;;ORF8-N;intergenic_region;;TA28270T;TA;T
Kappa;B.1.617.1;VOI;R203M;203;R;M;N;missense_variant;;G28881T;G;T
Kappa;B.1.617.1;VOI;D377Y;377;D;Y;N;missense_variant;;G29402T;G;T
Kappa;B.1.617.1;VOI;NANANA;;;;ORF10-CHR_END;intergenic_region;;G29742T;G;T
Lambda;C.37;VOI;NANANA;;;;CHR_START-ORF1ab;intergenic_region;;C241T;C;T
Lambda;C.37;VOI;F924F;924;F;F;ORF1ab;synonymous_variant;;C3037T;C;T
Lambda;C.37;VOI;T1246I;1246;T;I;ORF1ab;missense_variant;;C4002T;C;T
Lambda;C.37;VOI;P2287S;2287;P;S;ORF1ab;missense_variant;;C7124T;C;T
Lambda;C.37;VOI;F2387V;2387;F;V;ORF1ab;missense_variant;;T7424G;T;G
Lambda;C.37;VOI;L3198L;3198;L;L;ORF1ab;synonymous_variant;;C9857T;C;T
Lambda;C.37;VOI;L3201P;3201;L;P;ORF1ab;missense_variant;;T9867C;T;C
Lambda;C.37;VOI;T3255I;3255;T;I;ORF1ab;missense_variant;;C10029T;C;T
Lambda;C.37;VOI;G3278S;3278;G;S;ORF1ab;missense_variant;;G10097A;G;A
Lambda;C.37;VOI;S3675_F3677del;3675;S;del;ORF1ab;conservative_inframe_deletion;;GTCTGGTTTT11287G;GTCTGGTTTT;G
Lambda;C.37;VOI;Y4424Y;4424;Y;Y;ORF1ab;synonymous_variant;;C13536T;C;T
Lambda;C.37;VOI;P4715L;4715;P;L;ORF1ab;missense_variant;;C14408T;C;T
Lambda;C.37;VOI;G75V;75;G;V;S;missense_variant;;G21786T;G;T
Lambda;C.37;VOI;T76I;76;T;I;S;missense_variant;;C21789T;C;T
Lambda;C.37;VOI;R246_G252del;246;R;del;S;frameshift_variant;p.Arg246fs;AGAAGTTATTTGACTCCTGGTGA22298A;AGAAGTTATTTGACTCCTGGTGA;A
Lambda;C.37;VOI;L452Q;452;L;Q;S;missense_variant;;T22917A;T;A
Lambda;C.37;VOI;F490S;490;F;S;S;missense_variant;;T23031C;T;C
Lambda;C.37;VOI;D614G;614;D;G;S;missense_variant;;A23403G;A;G
Lambda;C.37;VOI;T723T;723;T;T;S;synonymous_variant;;C23731T;C;T
Lambda;C.37;VOI;T859N;859;T;N;S;missense_variant;;C24138A;C;A
Lambda;C.37;VOI;L124L;124;L;L;M;synonymous_variant;;C26894T;C;T
Lambda;C.37;VOI;F120F;120;F;F;ORF8;synonymous_variant;;C28253T;C;T
Lambda;C.37;VOI;NANANA;;;;ORF8-N;intergenic_region;;A28271T;A;T
Lambda;C.37;VOI;P13L;13;P;L;N;missense_variant;;C28311T;C;T
Lambda;C.37;VOI;N192N;192;N;N;N;synonymous_variant;;C28849T;C;T
Lambda;C.37;VOI;R203K;203;R;K;N;missense_variant;;G28881A;G;A
Lambda;C.37;VOI;G204R;204;G;R;N;missense_variant;;G28883C;G;C
Lambda;C.37;VOI;G214C;214;G;C;N;missense_variant;;G28913T;G;T
Lambda;C.37;VOI;F346F;346;F;F;N;synonymous_variant;;C29311T;C;T