WHO_label;pango;type_variant;description;amino_acid_change;protein_codon_position;REF_protein;ALT_protein;gene;effect;ref_pos_alt;ref;alt
Alpha;B.1.1.7;VOC;This variant was first detected in the United Kingdom at the end of 2020 and is now widely spread globally. This variant is associated with increased transmissibility.;N501Y;501;N;Y;S;missense_variant;A23063T;A;T
Alpha;B.1.1.7;VOC;This variant was first detected in the United Kingdom at the end of 2020 and is now widely spread globally. This variant is associated with increased transmissibility.;A570D;570;A;D;S;missense_variant;C23271A;C;A
Alpha;B.1.1.7;VOC;This variant was first detected in the United Kingdom at the end of 2020 and is now widely spread globally. This variant is associated with increased transmissibility.;P681H;681;P;H;S;missense_variant;C23604A;C;A
Alpha;B.1.1.7;VOC;This variant was first detected in the United Kingdom at the end of 2020 and is now widely spread globally. This variant is associated with increased transmissibility.;T716I;716;T;I;S;missense_variant;C23709T;C;T
Alpha;B.1.1.7;VOC;This variant was first detected in the United Kingdom at the end of 2020 and is now widely spread globally. This variant is associated with increased transmissibility.;S982A;982;S;A;S;missense_variant;T24506G;T;G
Alpha;B.1.1.7;VOC;This variant was first detected in the United Kingdom at the end of 2020 and is now widely spread globally. This variant is associated with increased transmissibility.;D1118H;1118;D;H;S;missense_variant;G24914C;G;C
Beta;B.1.351;VOC;This variant was first detected in South Africa. This variant is associated with a reduced susceptibility to neutralization by antibodies generated by natural infection and vaccination.;D80A;80;D;A;S;missense_variant;A21801C;A;C
Beta;B.1.351;VOC;This variant was first detected in South Africa. This variant is associated with a reduced susceptibility to neutralization by antibodies generated by natural infection and vaccination.;D215G;215;D;G;S;missense_variant;A22206G;A;G
Beta;B.1.351;VOC;This variant was first detected in South Africa. This variant is associated with a reduced susceptibility to neutralization by antibodies generated by natural infection and vaccination.;K417N;417;K;N;S;missense_variant;G22813T;G;T
Beta;B.1.351;VOC;This variant was first detected in South Africa. This variant is associated with a reduced susceptibility to neutralization by antibodies generated by natural infection and vaccination.;E484K;484;E;K;S;missense_variant;G23012A;G;A
Beta;B.1.351;VOC;This variant was first detected in South Africa. This variant is associated with a reduced susceptibility to neutralization by antibodies generated by natural infection and vaccination.;N501Y;501;N;Y;S;missense_variant;A23063T;A;T
Beta;B.1.351;VOC;This variant was first detected in South Africa. This variant is associated with a reduced susceptibility to neutralization by antibodies generated by natural infection and vaccination.;A701V;701;A;V;S;missense_variant;C23664T;C;T
Gamma;P.1;VOC;This variant was first detected in Brazil and was first identified in December 2020 in travelers from Brazil who arrived in Japan. This variant circulated in a region in Brazil (Manaus) had been hit particularly hard earlier in the pandemic.;L18F;18;L;F;S;missense_variant;C21614T;C;T
Gamma;P.1;VOC;This variant was first detected in Brazil and was first identified in December 2020 in travelers from Brazil who arrived in Japan. This variant circulated in a region in Brazil (Manaus) had been hit particularly hard earlier in the pandemic.;T20N;20;T;N;S;missense_variant;C21621A;C;A
Gamma;P.1;VOC;This variant was first detected in Brazil and was first identified in December 2020 in travelers from Brazil who arrived in Japan. This variant circulated in a region in Brazil (Manaus) had been hit particularly hard earlier in the pandemic.;P26S;26;P;S;S;missense_variant;C21638T;C;T
Gamma;P.1;VOC;This variant was first detected in Brazil and was first identified in December 2020 in travelers from Brazil who arrived in Japan. This variant circulated in a region in Brazil (Manaus) had been hit particularly hard earlier in the pandemic.;D138Y;138;D;Y;S;missense_variant;G21974T;G;T
Gamma;P.1;VOC;This variant was first detected in Brazil and was first identified in December 2020 in travelers from Brazil who arrived in Japan. This variant circulated in a region in Brazil (Manaus) had been hit particularly hard earlier in the pandemic.;R190S;190;R;S;S;missense_variant;G22132T;G;T
Gamma;P.1;VOC;This variant was first detected in Brazil and was first identified in December 2020 in travelers from Brazil who arrived in Japan. This variant circulated in a region in Brazil (Manaus) had been hit particularly hard earlier in the pandemic.;K417T;417;K;T;S;missense_variant;A22812C;A;C
Gamma;P.1;VOC;This variant was first detected in Brazil and was first identified in December 2020 in travelers from Brazil who arrived in Japan. This variant circulated in a region in Brazil (Manaus) had been hit particularly hard earlier in the pandemic.;E484K;484;E;K;S;missense_variant;G23012A;G;A
Gamma;P.1;VOC;This variant was first detected in Brazil and was first identified in December 2020 in travelers from Brazil who arrived in Japan. This variant circulated in a region in Brazil (Manaus) had been hit particularly hard earlier in the pandemic.;N501Y;501;N;Y;S;missense_variant;A23063T;A;T
Gamma;P.1;VOC;This variant was first detected in Brazil and was first identified in December 2020 in travelers from Brazil who arrived in Japan. This variant circulated in a region in Brazil (Manaus) had been hit particularly hard earlier in the pandemic.;H655Y;655;H;Y;S;missense_variant;C23525T;C;T
Gamma;P.1;VOC;This variant was first detected in Brazil and was first identified in December 2020 in travelers from Brazil who arrived in Japan. This variant circulated in a region in Brazil (Manaus) had been hit particularly hard earlier in the pandemic.;T1027I;1027;T;I;S;missense_variant;C24642T;C;T
Gamma;P.1;VOC;This variant was first detected in Brazil and was first identified in December 2020 in travelers from Brazil who arrived in Japan. This variant circulated in a region in Brazil (Manaus) had been hit particularly hard earlier in the pandemic.;V1176F;1176;V;F;S;missense_variant;G25088T;G;T
Delta;B.1.617.2;VOC;This variant was first detected in India and rapidly increased in prevalence around December 2020. Currently, this variant is widely spread globally. This variant is associated with increased transmissibility as well as reduced susceptibility to neutralization by antibodies generated by natural infection and vaccination.;T19R;19;T;R;S;missense_variant;C21618G;C;G
Delta;B.1.617.2;VOC;This variant was first detected in India and rapidly increased in prevalence around December 2020. Currently, this variant is widely spread globally. This variant is associated with increased transmissibility as well as reduced susceptibility to neutralization by antibodies generated by natural infection and vaccination.;L452R;452;L;R;S;missense_variant;T22917G;T;G
Delta;B.1.617.2;VOC;This variant was first detected in India and rapidly increased in prevalence around December 2020. Currently, this variant is widely spread globally. This variant is associated with increased transmissibility as well as reduced susceptibility to neutralization by antibodies generated by natural infection and vaccination.;T478K;478;T;K;S;missense_variant;C22995A;C;A
Delta;B.1.617.2;VOC;This variant was first detected in India and rapidly increased in prevalence around December 2020. Currently, this variant is widely spread globally. This variant is associated with increased transmissibility as well as reduced susceptibility to neutralization by antibodies generated by natural infection and vaccination.;P681R;681;P;R;S;missense_variant;C23604G;C;G
Delta;B.1.617.2;VOC;This variant was first detected in India and rapidly increased in prevalence around December 2020. Currently, this variant is widely spread globally. This variant is associated with increased transmissibility as well as reduced susceptibility to neutralization by antibodies generated by natural infection and vaccination.;D950N;950;D;N;S;missense_variant;G24410A;G;A
Epsilon;B.1.427/1.429;former-VOI;The emergence of Epsilon, originally known as CAL.20C and later designated as lineages B.1.429 and B.1.427, was first identified in Los Angeles County, California in July 2020 as a single isolate.The variant re-emerged in October 2020 and was associated with an increasing number of cases during a wave of SARS-CoV-2 infections in the Californian region. As of July 2021, this variant was downgraded from VOI to an 'alert' variant.;S13I;13;S;I;S;missense_variant;G21600T;G;T
Epsilon;B.1.427/1.429;former-VOI;The emergence of Epsilon, originally known as CAL.20C and later designated as lineages B.1.429 and B.1.427, was first identified in Los Angeles County, California in July 2020 as a single isolate.The variant re-emerged in October 2020 and was associated with an increasing number of cases during a wave of SARS-CoV-2 infections in the Californian region. As of July 2021, this variant was downgraded from VOI to an 'alert' variant.;W152C;152;W;C;S;missense_variant;G22018T;G;T
Epsilon;B.1.427/1.429;former-VOI;The emergence of Epsilon, originally known as CAL.20C and later designated as lineages B.1.429 and B.1.427, was first identified in Los Angeles County, California in July 2020 as a single isolate.The variant re-emerged in October 2020 and was associated with an increasing number of cases during a wave of SARS-CoV-2 infections in the Californian region. As of July 2021, this variant was downgraded from VOI to an 'alert' variant.;L452R;452;L;R;S;missense_variant;T22917G;T;G
Zeta;P.2;former-VOI;This variant emerged in Brazil, Rio de Janeiro. It was designated a VOI in March 2021. Since July 2021, this variant was downgraded from VOI to an 'alert' variant.;E484K;484;E;K;S;missense_variant;G23012A;G;A
Zeta;P.2;former-VOI;This variant emerged in Brazil, Rio de Janeiro. It was designated a VOI in March 2021. Since July 2021, this variant was downgraded from VOI to an 'alert' variant.;V1176F;1176;V;F;S;missense_variant;G25088T;G;T
Theta;P.3;former-VOI;This variant was first detected in the Central Visayas region of the Philippines during a period that coincides with a surge in COVID-19 cases in the area. It was designated a VOI in March 2021. Since July 2021, this variant was not considered a VOI anymore.;E484K;484;E;K;S;missense_variant;G23012A;G;A
Theta;P.3;former-VOI;This variant was first detected in the Central Visayas region of the Philippines during a period that coincides with a surge in COVID-19 cases in the area. It was designated a VOI in March 2021. Since July 2021, this variant was not considered a VOI anymore.;N501Y;501;N;Y;S;missense_variant;A23063T;A;T
Theta;P.3;former-VOI;This variant was first detected in the Central Visayas region of the Philippines during a period that coincides with a surge in COVID-19 cases in the area. It was designated a VOI in March 2021. Since July 2021, this variant was not considered a VOI anymore.;P681H;681;P;H;S;missense_variant;C23604A;C;A
Theta;P.3;former-VOI;This variant was first detected in the Central Visayas region of the Philippines during a period that coincides with a surge in COVID-19 cases in the area. It was designated a VOI in March 2021. Since July 2021, this variant was not considered a VOI anymore.;E1092K;1092;E;K;S;missense_variant;G24836A;G;A
Theta;P.3;former-VOI;This variant was first detected in the Central Visayas region of the Philippines during a period that coincides with a surge in COVID-19 cases in the area. It was designated a VOI in March 2021. Since July 2021, this variant was not considered a VOI anymore.;H1101Y;1101;H;Y;S;missense_variant;C24863T;C;T
Theta;P.3;former-VOI;This variant was first detected in the Central Visayas region of the Philippines during a period that coincides with a surge in COVID-19 cases in the area. It was designated a VOI in March 2021. Since July 2021, this variant was not considered a VOI anymore.;V1176F;1176;V;F;S;missense_variant;G25088T;G;T
Eta;B.1.525;VOI;The first reported cases of this variant originated from the United Kingdom and Nigeria. The variant mainly circulated in African countries but has spread to other continents as well.;Q52R;52;Q;R;S;missense_variant;A21717G;A;G
Eta;B.1.525;VOI;The first reported cases of this variant originated from the United Kingdom and Nigeria. The variant mainly circulated in African countries but has spread to other continents as well.;A67V;67;A;V;S;missense_variant;C21762T;C;T
Eta;B.1.525;VOI;The first reported cases of this variant originated from the United Kingdom and Nigeria. The variant mainly circulated in African countries but has spread to other continents as well.;E484K;484;E;K;S;missense_variant;G23012A;G;A
Eta;B.1.525;VOI;The first reported cases of this variant originated from the United Kingdom and Nigeria. The variant mainly circulated in African countries but has spread to other continents as well.;Q677H;677;Q;H;S;missense_variant;G23593C;G;C
Eta;B.1.525;VOI;The first reported cases of this variant originated from the United Kingdom and Nigeria. The variant mainly circulated in African countries but has spread to other continents as well.;F888L;888;F;L;S;missense_variant;T24224C;T;C
Iota;B.1.526;VOI;This variant was first detected in New York (USA). Some variants contain the E484K and some the S477N mutation in the receptor binding domain which are both associated with reduced susceptibility to neutralization and increased binding to the hACE2 receptor.;L5F;5;L;F;S;missense_variant;C21575T;C;T
Iota;B.1.526;VOI;This variant was first detected in New York (USA). Some variants contain the E484K and some the S477N mutation in the receptor binding domain which are both associated with reduced susceptibility to neutralization and increased binding to the hACE2 receptor.;T95I;95;T;I;S;missense_variant;C21846T;C;T
Iota;B.1.526;VOI;This variant was first detected in New York (USA). Some variants contain the E484K and some the S477N mutation in the receptor binding domain which are both associated with reduced susceptibility to neutralization and increased binding to the hACE2 receptor.;D253G;253;D;G;S;missense_variant;A22320G;A;G
Iota (E484K);B.1.526;VOI;This variant was first detected in New York (USA). Some variants contain the E484K and some the S477N mutation in the receptor binding domain which are both associated with reduced susceptibility to neutralization and increased binding to the hACE2 receptor.;L5F;5;L;F;S;missense_variant;C21575T;C;T
Iota (E484K);B.1.526;VOI;This variant was first detected in New York (USA). The E484K in the receptor binding domain is associated with reduced susceptibility to neutralization and increased binding to the hACE2 receptor.;T95I;95;T;I;S;missense_variant;C21846T;C;T
Iota (E484K);B.1.526;VOI;This variant was first detected in New York (USA). The E484K in the receptor binding domain is associated with reduced susceptibility to neutralization and increased binding to the hACE2 receptor.;D253G;253;D;G;S;missense_variant;A22320G;A;G
Iota (E484K);B.1.526;VOI;This variant was first detected in New York (USA). The E484K in the receptor binding domain is associated with reduced susceptibility to neutralization and increased binding to the hACE2 receptor.;E484K;484;E;K;S;missense_variant;G23012A;G;A
Iota (S477N);B.1.526;VOI;This variant was first detected in New York (USA). The S477N mutation in the receptor binding domain is associated with reduced susceptibility to neutralization and increased binding to the hACE2 receptor.;L5F;5;L;F;S;missense_variant;C21575T;C;T
Iota (S477N);B.1.526;VOI;This variant was first detected in New York (USA). The S477N mutation in the receptor binding domain is associated with reduced susceptibility to neutralization and increased binding to the hACE2 receptor.;T95I;95;T;I;S;missense_variant;C21846T;C;T
Iota (S477N);B.1.526;VOI;This variant was first detected in New York (USA). The S477N mutation in the receptor binding domain is associated with reduced susceptibility to neutralization and increased binding to the hACE2 receptor.;D253G;253;D;G;S;missense_variant;A22320G;A;G
Iota (S477N);B.1.526;VOI;This variant was first detected in New York (USA). The S477N mutation in the receptor binding domain is associated with reduced susceptibility to neutralization and increased binding to the hACE2 receptor.;S477N;477;S;N;S;missense_variant;G22992A;G;A
Kappa;B.1.617.1;VOI;This variant emerged in India and increased in prevalence globally around the beginning of 2021.;L452R;452;L;R;S;missense_variant;T22917G;T;G
Kappa;B.1.617.1;VOI;This variant emerged in India and increased in prevalence globally around the beginning of 2021.;E484Q;484;E;Q;S;missense_variant;G23012C;G;C
Kappa;B.1.617.1;VOI;This variant emerged in India and increased in prevalence globally around the beginning of 2021.;P681R;681;P;R;S;missense_variant;C23604G;C;G
Kappa;B.1.617.1;VOI;This variant emerged in India and increased in prevalence globally around the beginning of 2021.;Q1071H;1071;Q;H;S;missense_variant;A24775T;A;T
Lambda;C.37;VOI;This variant emerged in South-America and was first detected in Peru in December 2020. This variant increased in prevalence in the South American countries and has also spread to other continents.;G75V;75;G;V;S;missense_variant;G21786T;G;T
Lambda;C.37;VOI;This variant emerged in South-America and was first detected in Peru in December 2020. This variant increased in prevalence in the South American countries and has also spread to other continents.;T76I;76;T;I;S;missense_variant;C21789T;C;T
Lambda;C.37;VOI;This variant emerged in South-America and was first detected in Peru in December 2020. This variant increased in prevalence in the South American countries and has also spread to other continents.;L452Q;452;L;Q;S;missense_variant;T22917A;T;A
Lambda;C.37;VOI;This variant emerged in South-America and was first detected in Peru in December 2020. This variant increased in prevalence in the South American countries and has also spread to other continents.;F490S;490;F;S;S;missense_variant;T23031C;T;C
Lambda;C.37;VOI;This variant emerged in South-America and was first detected in Peru in December 2020. This variant increased in prevalence in the South American countries and has also spread to other continents.;T859N;859;T;N;S;missense_variant;C24138A;C;A
