target_gene	origin	country	cat_type	primer_name	type	original_primer_name	primer_sequence(5-3)	target_sequence_start_pos	target_sequence_end_pos	primer_size_bp	reference_genome	update_time	doi	reference
N	NEB	USA	FIP	Zhang-N	R	Set-3_FIP-1	TCTGGCCCAGTTCCTAGGTAGTCCAGACGAATTCGTGGTGG	28605	28626	22	NC_045512.2	2020.02.29	10.1101/2020.02.26.20028373	Zhang et al. 2020
N	NEB	USA	FIP	Zhang-N	F	Set-3_FIP-2	TCTGGCCCAGTTCCTAGGTAGTCCAGACGAATTCGTGGTGG	28545	28563	19	NC_045512.3	2020.02.29	10.1101/2020.02.26.20028373	Zhang et al. 2020
N	NEB	USA	BIP	Zhang-N	F	Set-3_BIP-1	AGACGGCATCATATGGGTTGCACGGGTGCCAATGTGATCT	28654	28675	22	NC_045512.4	2020.02.29	10.1101/2020.02.26.20028373	Zhang et al. 2020
N	NEB	USA	BIP	Zhang-N	R	Set-3_BIP-2	AGACGGCATCATATGGGTTGCACGGGTGCCAATGTGATCT	28702	28719	18	NC_045512.5	2020.02.29	10.1101/2020.02.26.20028373	Zhang et al. 2020
N	NEB	USA	FOP	Zhang-N	F	Set-3_FOP	TGGCTACTACCGAAGAGCT	28525	28543	19	NC_045512.6	2020.02.29	10.1101/2020.02.26.20028373	Zhang et al. 2020
N	NEB	USA	BOP	Zhang-N	R	Set-3_BOP	TGCAGCATTGTTAGCAGGAT	28722	28741	20	NC_045512.7	2020.02.29	10.1101/2020.02.26.20028373	Zhang et al. 2020
N	NEB	USA	FL	Zhang-N	R	Set-3_FL	GGACTGAGATCTTTCATTTTACCGT	28566	28590	25	NC_045512.8	2020.02.29	10.1101/2020.02.26.20028373	Zhang et al. 2020
N	NEB	USA	BL	Zhang-N	F	Set-3_BL	ACTGAGGGAGCCTTGAATACA	28676	28696	21	NC_045512.9	2020.02.29	10.1101/2020.02.26.20028373	Zhang et al. 2020
ORF1ab	NEB	USA	FIP	Zhang-ORF1ab	R	Set-4_FIP-1	GAGGGACAAGGACACCAAGTGTATGGTTGAGCTGGTAGCAA	572	593	22	NC_045512.10	2020.02.29	10.1101/2020.02.26.20028373	Zhang et al. 2020
ORF1ab	NEB	USA	FIP	Zhang-ORF1ab	F	Set-4_FIP-2	GAGGGACAAGGACACCAAGTGTATGGTTGAGCTGGTAGCAA	517	535	19	NC_045512.11	2020.02.29	10.1101/2020.02.26.20028373	Zhang et al. 2020
ORF1ab	NEB	USA	BIP	Zhang-ORF1ab	F	Set-4_BIP-1	CCAGTGGCTTACCGCAAGGTTTTAGATCGGCGCCGTAAC	608	628	21	NC_045512.12	2020.02.29	10.1101/2020.02.26.20028373	Zhang et al. 2020
ORF1ab	NEB	USA	BIP	Zhang-ORF1ab	R	Set-4_BIP-2	CCAGTGGCTTACCGCAAGGTTTTAGATCGGCGCCGTAAC	669	687	19	NC_045512.13	2020.02.29	10.1101/2020.02.26.20028373	Zhang et al. 2020
ORF1ab	NEB	USA	FOP	Zhang-ORF1ab	F	Set-4_FOP	CTGCACCTCATGGTCATGTT	498	517	20	NC_045512.14	2020.02.29	10.1101/2020.02.26.20028373	Zhang et al. 2020
ORF1ab	NEB	USA	BOP	Zhang-ORF1ab	R	Set-4_BOP	AGCTCGTCGCCTAAGTCAA	693	711	19	NC_045512.15	2020.02.29	10.1101/2020.02.26.20028373	Zhang et al. 2020
ORF1ab	NEB	USA	FL	Zhang-ORF1ab	R	Set-4_FL	CCGTACTGAATGCCTTCGAGT	538	558	21	NC_045512.16	2020.02.29	10.1101/2020.02.26.20028373	Zhang et al. 2020
ORF1ab	NEB	USA	BL	Zhang-ORF1ab	F	Set-4_BL	TTCGTAAGAACGGTAATAAAGGAGC	633	657	25	NC_045512.17	2020.02.29	10.1101/2020.02.26.20028373	Zhang et al. 2020
ORF1ab	BH-RO	USA	FIP	Lamb-ORF1ab	F	Set-1_FIP-1	AGAGCAGCAGAAGTGGCACAGGTGATTGTGAAGAAGAAGAG	3064	3085	22	NC_045512.18	2020.02.24	10.1101/2020.02.19.20025155	Lamb et al. 2020
ORF1ab	BH-RO	USA	FIP	Lamb-ORF1ab	R	Set-1_FIP-2	AGAGCAGCAGAAGTGGCACAGGTGATTGTGAAGAAGAAGAG	3153	3171	19	NC_045512.19	2020.02.24	10.1101/2020.02.19.20025155	Lamb et al. 2020
ORF1ab	BH-RO	USA	BIP	Lamb-ORF1ab	F	Set-1_BIP-1	TCAACCTGAAGAAGAGCAAGAACTGATTGTCCTCACTGCC	3172	3193	22	NC_045512.20	2020.02.24	10.1101/2020.02.19.20025155	Lamb et al. 2020
ORF1ab	BH-RO	USA	BIP	Lamb-ORF1ab	R	Set-1_BIP-2	TCAACCTGAAGAAGAGCAAGAACTGATTGTCCTCACTGCC	3242	3259	18	NC_045512.21	2020.02.24	10.1101/2020.02.19.20025155	Lamb et al. 2020
ORF1ab	BH-RO	USA	FOP	Lamb-ORF1ab	F	Set-1_FOP	TCCAGATGAGGATGAAGAAGA	3043	3063	21	NC_045512.22	2020.02.24	10.1101/2020.02.19.20025155	Lamb et al. 2020
ORF1ab	BH-RO	USA	BOP	Lamb-ORF1ab	R	Set-1_BOP	AGTCTGAACAACTGGTGTAAG	3311	3331	21	NC_045512.23	2020.02.24	10.1101/2020.02.19.20025155	Lamb et al. 2020
ORF1ab	BH-RO	USA	FL	Lamb-ORF1ab	R	Set-1_FL	CTCATATTGAGTTGATGGCTCA	3088	3109	22	NC_045512.24	2020.02.24	10.1101/2020.02.19.20025155	Lamb et al. 2020
ORF1ab	BH-RO	USA	BL	Lamb-ORF1ab	F	Set-1_BL	ACAAACTGTTGGTCAACAAGAC	3220	3241	22	NC_045512.25	2020.02.24	10.1101/2020.02.19.20025155	Lamb et al. 2020
ORF1ab	ABL	China	FIP	Yu-ORF1ab	R	Set-2_FIP-1	AGGTGAGGGTTTTCTACATCACTATATTGGAACAAGCAAATTCTATGG	15256	15281	26	NC_045512.26	2020.07.01	10.1093/clinchem/hvaa102	Yu et al. 2020
ORF1ab	ABL	China	FIP	Yu-ORF1ab	F	Set-2_FIP-2	AGGTGAGGGTTTTCTACATCACTATATTGGAACAAGCAAATTCTATGG	15205	15227	23	NC_045512.27	2020.07.01	10.1093/clinchem/hvaa102	Yu et al. 2020
ORF1ab	ABL	China	BIP	Yu-ORF1ab	R	Set-2_BIP-1	AGGTGAGGGTTTTCTACATCACTATATTGGAACAAGCAAATTCTATGG	15256	15281	26	NC_045512.28	2020.07.01	10.1093/clinchem/hvaa102	Yu et al. 2020
ORF1ab	ABL	China	BIP	Yu-ORF1ab	F	Set-2_BIP-2	AGGTGAGGGTTTTCTACATCACTATATTGGAACAAGCAAATTCTATGG	15205	15227	23	NC_045512.29	2020.07.01	10.1093/clinchem/hvaa102	Yu et al. 2020
ORF1ab	ABL	China	FOP	Yu-ORF1ab	F	Set-2_FOP	CCACTAGAGGAGCTACTGTA	15182	15201	20	NC_045512.30	2020.07.01	10.1093/clinchem/hvaa102	Yu et al. 2020
ORF1ab	ABL	China	BOP	Yu-ORF1ab	R	Set-2_BOP	TGACAAGCTACAACACGT	15370	15387	18	NC_045512.31	2020.07.01	10.1093/clinchem/hvaa102	Yu et al. 2020
ORF1ab	ABL	China	FL	Yu-ORF1ab	R	Set-2_FL	CAGTTTTTAACATGTTGTGCCAACC	15229	15253	25	NC_045512.32	2020.07.01	10.1093/clinchem/hvaa102	Yu et al. 2020
ORF1ab	ABL	China	BL	Yu-ORF1ab	F	Set-2_BL	TAGAGCCATGCCTAACATGCT	15309	15329	21	NC_045512.33	2020.07.01	10.1093/clinchem/hvaa102	Yu et al. 2020
