chrom	start	end	name	primerpool	strand	sequence
MN908947.3	30	54	SARSCoV_1200_1_LEFT	1	+	ACCAACCAACTTTCGATCTCTTGT
MN908947.3	1100	1128	SARSCoV_1200_2_LEFT	2	+	CCATAATCAAGACTATTCAACCAAGGGT
MN908947.3	1184	1205	SARSCoV_1200_1_RIGHT	1	-	GGTTGCATTCATTTGGTGACGC
MN908947.3	2153	2179	SARSCoV_1200_3_LEFT	1	+	GGCTTGAAGAGAAGTTTAAGGAAGGT
MN908947.3	2245	2266	SARSCoV_1200_2_RIGHT	2	-	ACAGGTGACAATTTGTCCACCG
MN908947.3	3144	3166	SARSCoV_1200_4_LEFT	2	+	GGAATTTGGTGCCACTTCTGCT
MN908947.3	3236	3257	SARSCoV_1200_3_RIGHT	1	-	GATTGTCCTCACTGCCGTCTTG
MN908947.3	4167	4189	SARSCoV_1200_5_LEFT	1	+	ACCTACTAAAAAGGCTGGTGGC
MN908947.3	4241	4262	SARSCoV_1200_4_RIGHT	2	-	CCTGACCCGGGTAAGTGGTTAT
MN908947.3	5257	5286	SARSCoV_1200_6_LEFT	2	+	ACTTCTATTAAATGGGCAGATAACAACTG
MN908947.3	5338	5359	SARSCoV_1200_5_RIGHT	1	-	AGCATCTTGTAGAGCAGGTGGA
MN908947.3	6283	6307	SARSCoV_1200_7_LEFT	1	+	ACCTGGTGTATACGTTGTCTTTGG
MN908947.3	6359	6380	SARSCoV_1200_6_RIGHT	2	-	GATTATCCATTCCCTGCGCGTC
MN908947.3	7298	7328	SARSCoV_1200_8_LEFT	2	+	CAATCATGCAATTGTTTTTCAGCTATTTTG
MN908947.3	7380	7401	SARSCoV_1200_7_RIGHT	1	-	GCTGAAATCGGGGCCATTTGTA
MN908947.3	8253	8282	SARSCoV_1200_9_LEFT	1	+	AGAAGTTACTGGCGATAGTTGTAATAACT
MN908947.3	8364	8385	SARSCoV_1200_8_RIGHT	2	-	TGACTTTTTGCTACCTGCGCAT
MN908947.3	9303	9327	SARSCoV_1200_10_LEFT	2	+	TTTACCAGGAGTTTTCTGTGGTGT
MN908947.3	9379	9400	SARSCoV_1200_9_RIGHT	1	-	TGCTGATATGTCCAAAGCACCA
MN908947.3	10343	10370	SARSCoV_1200_11_LEFT	1	+	AGACACCTAAGTATAAGTTTGTTCGCA
MN908947.3	10430	10451	SARSCoV_1200_10_RIGHT	2	-	TGGGCCTCATAGCACATTGGTA
MN908947.3	11372	11394	SARSCoV_1200_12_LEFT	2	+	ATGGTGCTAGGAGAGTGTGGAC
MN908947.3	11448	11469	SARSCoV_1200_11_RIGHT	1	-	GCCCACATGGAAATGGCTTGAT
MN908947.3	12450	12473	SARSCoV_1200_13_LEFT	1	+	ACCTCTTACAACAGCAGCCAAAC
MN908947.3	12539	12560	SARSCoV_1200_12_RIGHT	2	-	GGATTTCCCACAATGCTGATGC
MN908947.3	13509	13532	SARSCoV_1200_14_LEFT	2	+	ACAGGCACTAGTACTGATGTCGT
MN908947.3	13600	13621	SARSCoV_1200_13_RIGHT	1	-	CGTCCTTTTCTTGGAAGCGACA
MN908947.3	14540	14568	SARSCoV_1200_15_LEFT	1	+	TTTTAAGGAATTACTTGTGTATGCTGCT
MN908947.3	14620	14641	SARSCoV_1200_14_RIGHT	2	-	GTGCAGCTACTGAAAAGCACGT
MN908947.3	15608	15634	SARSCoV_1200_16_LEFT	2	+	ACAACACAGACTTTATGAGTGTCTCT
MN908947.3	15714	15735	SARSCoV_1200_15_RIGHT	1	-	ACACACAACAGCATCGTCAGAG
MN908947.3	16624	16647	SARSCoV_1200_17_LEFT	1	+	TCAAGCTTTTTGCAGCAGAAACG
MN908947.3	16699	16720	SARSCoV_1200_16_RIGHT	2	-	CTCTGTCAGACAGCACTTCACG
MN908947.3	17622	17649	SARSCoV_1200_18_LEFT	2	+	GCACATAAAGACAAATCAGCTCAATGC
MN908947.3	17733	17754	SARSCoV_1200_17_RIGHT	1	-	CCAAGCAGGGTTACGTGTAAGG
MN908947.3	18596	18618	SARSCoV_1200_19_LEFT	1	+	GGCACATGGCTTTGAGTTGACA
MN908947.3	18685	18706	SARSCoV_1200_18_RIGHT	2	-	TGTCTGAAGCAGTGGAAAAGCA
MN908947.3	19574	19604	SARSCoV_1200_20_LEFT	2	+	ACAATTTGATACTTATAACCTCTGGAACAC
MN908947.3	19656	19678	SARSCoV_1200_19_RIGHT	1	-	CCTGTTGTCCATCAAAGTGTCCC
MN908947.3	20553	20581	SARSCoV_1200_21_LEFT	1	+	TCTGTAGTTTCTAAGGTTGTCAAAGTGA
MN908947.3	20677	20698	SARSCoV_1200_20_RIGHT	2	-	GATTAGGCATAGCAACACCCGG
MN908947.3	21532	21562	SARSCoV_1200_22_LEFT	2	+	GTGATGTTCTTGTTAACAACTAAACGAACA
MN908947.3	21621	21642	SARSCoV_1200_21_RIGHT	1	-	GCAGGGGGTAATTGAGTTCTGG
MN908947.3	22511	22537	SARSCoV_1200_23_LEFT	1	+	ACTTTAGAGTCCAACCAACAGAATCT
MN908947.3	22591	22612	SARSCoV_1200_22_RIGHT	2	-	AACAGATGCAAATCTGGTGGCG
MN908947.3	23518	23544	SARSCoV_1200_24_LEFT	2	+	GCTGAACATGTCAACAACTCATATGA
MN908947.3	23610	23631	SARSCoV_1200_23_RIGHT	1	-	TGACTAGCTACACTACGTGCCC
MN908947.3	24633	24658	SARSCoV_1200_25_LEFT	1	+	TGCTGCTACTAAAATGTCAGAGTGT
MN908947.3	24715	24736	SARSCoV_1200_24_RIGHT	2	-	ATGAGGTGCTGACTGAGGGAAG
MN908947.3	25690	25712	SARSCoV_1200_26_LEFT	2	+	GCCTTGAAGCCCCTTTTCTCTA
MN908947.3	25769	25790	SARSCoV_1200_25_RIGHT	1	-	CATTTCCAGCAAAGCCAAAGCC
MN908947.3	26744	26766	SARSCoV_1200_27_LEFT	1	+	TGGATCACCGGTGGAATTGCTA
MN908947.3	26836	26857	SARSCoV_1200_26_RIGHT	2	-	AATGACCACATGGAACGCGTAC
MN908947.3	27784	27808	SARSCoV_1200_28_LEFT	2	+	TTTGTGCTTTTTAGCCTTTCTGCT
MN908947.3	27873	27894	SARSCoV_1200_27_RIGHT	1	-	TGTTCGTTTAGGCGTGACAAGT
MN908947.3	28677	28699	SARSCoV_1200_29_LEFT	1	+	TGAGGGAGCCTTGAATACACCA
MN908947.3	28986	29007	SARSCoV_1200_28_RIGHT	2	-	GTTTGGCCTTGTTGTTGTTGGC
MN908947.3	29769	29790	SARSCoV_1200_29_RIGHT	1	-	TAGGCAGCTCTCCCTAGCATTG
