target_gene;origin;country;type;primer_name;original_primer_name;sequence;position_start;position_end;primer_size_bp;reference_genome;update_time;doi;publication;other_reference
N;CDC-US;USA;F;Lu-N1;2019-nCoV_N1-F;GACCCCAAAATCAGCGAAAT;28 287;28 306;20;NC_045512.2;2020.06.06; 10.3201/eid2608.201246;Lu et al. 2020;https://bit.ly/2ZBuyk5
N;CDC-US;USA;R;Lu-N1;2019-nCoV_N1-R;TCTGGTTACTGCCAGTTGAATCTG;28 335;28 358;24;NC_045512.2;2020.06.06; 10.3201/eid2608.201246;Lu et al. 2020;https://bit.ly/2ZBuyk5
N;CDC-US;USA;F;Lu-N2;2019-nCoV_N2-F;TTACAAACATTGGCCGCAAA;29 164;29 183;20;NC_045512.2;2020.06.06; 10.3201/eid2608.201246;Lu et al. 2020;https://bit.ly/2ZBuyk5
N;CDC-US;USA;R;Lu-N2;2019-nCoV_N2-R;GCGCGACATTCCGAAGAA;29 213;29 230;18;NC_045512.2;2020.06.06; 10.3201/eid2608.201246;Lu et al. 2020;https://bit.ly/2ZBuyk5
N;CDC-US;USA;F;Lu-N3;2019-nCoV_N3-F;GGGAGCCTTGAATACACCAAAA;28 681;28 702;22;NC_045512.2;2020.06.06; 10.3201/eid2608.201246;Lu et al. 2020;-
N;CDC-US;USA;R;Lu-N3;2019-nCoV_N3-R;TGTAGCACGATTGCAGCATTG;28 732;28 752;21;NC_045512.2;2020.06.06; 10.3201/eid2608.201246;Lu et al. 2020;-
N;HKU;Hong Kong;F;Chan-N;COVID-19-N;GCGTTCTTCGGAATGTCG;29 210;29 227;18;NC_045512.2;2020.03.04;10.1128/JCM.00310-20;Chan et al 2020;-
N;HKU;Hong Kong;R;Chan-N;COVID-19-N;TTGGATCTTTGTCATCCAATTTG;29 284;29 306;23;NC_045512.2;2020.03.04;10.1128/JCM.00310-20;Chan et al 2020;-
RdRp;HKU;Hong Kong;F;Chan-RdRp;COVID-19-RdRp/Hel;CGCATACAGTCTTRCAGGCT;16 220;16 239;20;NC_045512.2;2020.03.04;10.1128/JCM.00310-20;Chan et al 2020;-
RdRp;HKU;Hong Kong;R;Chan-RdRp;COVID-19-RdRp/Hel;GTGTGATGTTGAWATGACATGGTC;16 330;16 353;24;NC_045512.2;2020.03.04;10.1128/JCM.00310-20;Chan et al 2020;-
S;HKU;Hong Kong;F;Chan-S;COVID-19-S;CCTACTAAATTAAATGATCTCTGCTTTACT;22 712;22 741;30;NC_045512.2;2020.03.04;10.1128/JCM.00310-20;Chan et al 2020;-
S;HKU;Hong Kong;R;Chan-S;COVID-19-S;CAAGCTATAACGCAGCCTGTA;22 849;22 869;21;NC_045512.2;2020.03.04;10.1128/JCM.00310-20;Chan et al 2020;-
E;Charité;Germany;F;Corman-E;E_Sarbeco_F;ACAGGTACGTTAATAGTTAATAGCGT;26 269;26 294;26;NC_045512.2;2020.01.23;10.2807/1560-7917.ES.2020.25.3.2000045;Corman et al 2020;https://bit.ly/2ZxOnsw
E;Charité;Germany;R;Corman-E;E_Sarbeco_R;ATATTGCAGCAGTACGCACACA;26 360;26 381;22;NC_045512.2;2020.01.23;10.2807/1560-7917.ES.2020.25.3.2000045;Corman et al 2020;https://bit.ly/2ZxOnsw
N;Charité;Germany;F;Corman-N;N_Sarbeco_F;CACATTGGCACCCGCAATC;28 706;28 724;19;NC_045512.2;2020.01.23;10.2807/1560-7917.ES.2020.25.3.2000045;Corman et al 2020;-
N;Charité;Germany;R;Corman-N;N_Sarbeco_R;GAGGAACGAGAAGAGGCTTG;28 814;28 833;20;NC_045512.2;2020.01.23;10.2807/1560-7917.ES.2020.25.3.2000045;Corman et al 2020;-
RdRP;Charité;Germany;F;Corman-RdRP;RdRp_SARSr-F;GTGARATGGTCATGTGTGGCGG;15 431;15 452;22;NC_045512.2;2020.01.23;10.2807/1560-7917.ES.2020.25.3.2000045;Corman et al 2020;-
RdRP;Charité;Germany;R;Corman-RdRP;RdRp_SARSr-R;CARATGTTAAASACACTATTAGCATA;15 505;15 530;26;NC_045512.2;2020.01.23;10.2807/1560-7917.ES.2020.25.3.2000045;Corman et al 2020;-
RdRP;Institut Pasteur;France;F;NRC-IP-RdRP1;nCoV_IP2-12669Fw;ATGAGCTTAGTCCTGTTG;12 690;12 707;18;NC_045512.2;2020.01.23;-;NRC-IP;https://bit.ly/2ZxOnsw
RdRP;Institut Pasteur;France;R;NRC-IP-RdRP1;nCoV_IP2-12759Rv;CTCCCTTTGTTGTGTTGT;12 780;12 797;18;NC_045512.2;2020.01.23;-;NRC-IP;https://bit.ly/2ZxOnsw
RdRP;Institut Pasteur;France;F;NRC-IP-RdRP2;nCoV_IP4-14059Fw;GGTAACTGGTATGATTTCG;14 080;14 098;19;NC_045512.2;2020.01.23;-;NRC-IP;https://bit.ly/2ZxOnsw
RdRP;Institut Pasteur;France;R;NRC-IP-RdRP2;nCoV_IP4-14146Rv;CTGGTCAAGGTTAATATAGG;14 167;14 186;20;NC_045512.2;2020.01.23;-;NRC-IP;https://bit.ly/2ZxOnsw
N;DMSC;Thailand;F;DMSC-N;WH-NIC N-F;CGTTTGGTGGACCCTCAGAT;28 320;28 339;20;NC_045512.2;2020.01.23;-;DMSC-MPH;https://bit.ly/2ZxOnsw
N;DMSC;Thailand;R;DMSC-N;WH-NIC N-R;CCCCACTGCGTTCTCCATT;28 358;28 376;19;NC_045512.2;2020.01.23;-;DMSC-MPH;https://bit.ly/2ZxOnsw
E;Wuhan Jinyintan Hospital ;China;F;Huang-E;Huang-E;ACTTCTTTTTCTTGCTTTCGTGGT;26 295;26 318;24;NC_045512.2;2020.01.30;10.1016/S0140-6736(20)30183-5;Huang et al. 2020;-
E;Wuhan Jinyintan Hospital ;China;R;Huang-E;Huang-E;GCAGCAGTACGCACACAATC;26 357;26 376;20;NC_045512.2;2020.01.30;10.1016/S0140-6736(20)30183-5;Huang et al. 2020;-
E;KMU/IPI;Iran;F;Mollaei-E;E;GGAAGAGACAGGTACGTTAA;26 262;26 281;20;NC_045512.2;2020.06.01;PMID: 32685113;Mollaei et al 2020;https://bit.ly/39LcTsd
E;KMU/IPI;Iran;R;Mollaei-E;E;AAGGTTTTACAAGACTCACG;26 388;26 407;20;NC_045512.2;2020.06.01;PMID: 32685113;Mollaei et al 2020;https://bit.ly/39LcTsd
N;KMU/IPI;Iran;F;Mollaei-N;N;CCTCTTCTCGTTCCTCATCA;28 818;28 837;20;NC_045512.2;2020.06.01;PMID: 32685113;Mollaei et al 2020;https://bit.ly/39LcTsd
N;KMU/IPI;Iran;R;Mollaei-N;N;CCTGGTCCCCAAAATTTCCT;29 122;29 141;20;NC_045512.2;2020.06.01;PMID: 32685113;Mollaei et al 2020;https://bit.ly/39LcTsd
ORF1ab;KMU/IPI;Iran;F;Mollaei-ORF1ab;ORF1ab;CTAGGACCTCTTTCTGCTCA;10 802;10 821;20;NC_045512.2;2020.06.01;PMID: 32685113;Mollaei et al 2020;https://bit.ly/39LcTsd
ORF1ab;KMU/IPI;Iran;R;Mollaei-ORF1ab;ORF1ab;ACACTCTCCTAGCACCATCA;11 371;11 390;20;NC_045512.2;2020.06.01;PMID: 32685113;Mollaei et al 2020;https://bit.ly/39LcTsd
RdRP;KMU/IPI;Iran;F;Mollaei-RdRP;RdRP;CATCTCACTTGCTGGTTCCT;4 777;4 796;20;NC_045512.2;2020.06.01;PMID: 32685113;Mollaei et al 2020;https://bit.ly/39LcTsd
RdRP;KMU/IPI;Iran;R;Mollaei-RdRP;RdRP;CCTTAATAGTCCTCACTTCTCTC;4 951;4 973;23;NC_045512.2;2020.06.01;PMID: 32685113;Mollaei et al 2020;https://bit.ly/39LcTsd
S;KMU/IPI;Iran;F;Mollaei-S;S;CCCTGTTGCTATTCATGCAG;23 422;23 441;20;NC_045512.2;2020.06.01;PMID: 32685113;Mollaei et al 2020;https://bit.ly/39LcTsd
S;KMU/IPI;Iran;R;Mollaei-S;S;CCCTATTAAACAGCCTGCAC;23 499;23 518;20;NC_045512.2;2020.06.01;PMID: 32685113;Mollaei et al 2020;https://bit.ly/39LcTsd
N;NIID;Japan;F;Shirato-N;NIID_2019-nCOV_N_F2;AAATTTTGGGGACCAGGAAC;29 125;29 144;20;NC_045512.2;2020.07.22;10.7883/yoken.JJID.2020.061;Shirato et al. 2020;https://bit.ly/2ZxOnsw
N;NIID;Japan;R;Shirato-N;NIID_2019-nCOV_N_R2;TGGCAGCTGTGTAGGTCAAC;29 263;29 282;20;NC_045512.2;2020.07.22;10.7883/yoken.JJID.2020.061;Shirato et al. 2020;https://bit.ly/2ZxOnsw
E;CDC-China;China;F;Niu-E;E;TTCTTGCTTTCGTGGTATTC;26 303;26 322;20;NC_045512.2;2020.04.17;10.46234/ccdcw2020.116;Niu et al. 2020;
E;CDC-China;China;R;Niu-E;E;CACGTTAACAATATTGCAGC;26 372;26 391;20;NC_045512.2;2020.04.17;10.46234/ccdcw2020.116;Niu et al. 2020;
N;CDC-China;China;F;Niu-N;N;GGGGAACTTCTCCTGCTAGAAT;28 881;28 902;22;NC_045512.2;2020.04.17;10.46234/ccdcw2020.116;Niu et al. 2020;https://bit.ly/2ZxOnsw
N;CDC-China;China;R;Niu-N;N;CAGACATTTTGCTCTCAAGCTG;28 958;28 979;22;NC_045512.2;2020.04.17;10.46234/ccdcw2020.116;Niu et al. 2020;https://bit.ly/2ZxOnsw
ORF1ab;CDC-China;China;F;Niu-ORF1ab;ORF1ab;CCCTGTGGGTTTTACACTTAA;13 342;13 362;21;NC_045512.2;2020.04.17;10.46234/ccdcw2020.116;Niu et al. 2020;https://bit.ly/2ZxOnsw
ORF1ab;CDC-China;China;R;Niu-ORF1ab;ORF1ab;ACGATTGTGCATCAGCTGA;13 442;13 460;19;NC_045512.2;2020.04.17;10.46234/ccdcw2020.116;Niu et al. 2020;https://bit.ly/2ZxOnsw
N;HKU;Hong Kong;F;Chu-N;HKU-N;TAATCAGACAAGGAACTGATTA;29 145;29 166;22;NC_045512.2;2020.04.01;10.1093/clinchem/hvaa029;Chu et al 2020;https://bit.ly/2ZxOnsw
N;HKU;Hong Kong;R;Chu-N;HKU-N;CGAAGGTGTGACTTCCATG;29 236;29 254;19;NC_045512.2;2020.04.01;10.1093/clinchem/hvaa029;Chu et al 2020;https://bit.ly/2ZxOnsw
ORF1ab;HKU;Hong Kong;F;Chu-ORF1ab;HKU-ORF1ab;TGGGGYTTTACRGGTAACCT;18 778;18 797;20;NC_045512.2;2020.04.01;10.1093/clinchem/hvaa029;Chu et al 2020;https://bit.ly/2ZxOnsw
ORF1ab;HKU;Hong Kong;R;Chu-ORF1ab;HKU-ORF1ab;AACRCGCTTAACAAAGCACTC;18 889;18 909;21;NC_045512.2;2020.04.01;10.1093/clinchem/hvaa029;Chu et al 2020;https://bit.ly/2ZxOnsw
E;IBS;South Korea;F;Won-E1;SARS-CoV-2_IBS_E1;TTCGGAAGAGACAGGTACGTT;26 259;26 279;21;NC_045512.2;2020.04.30;10.5607/en20009;Won J et al. 2020.;-
E;IBS;South Korea;R;Won-E1;SARS-CoV-2_IBS_E1;CACACAATCGATGCGCAGTA;26 346;26 365;20;NC_045512.2;2020.04.30;10.5607/en20009;Won J et al. 2020.;-
E;IBS;South Korea;F;Won-E2;SARS-CoV-2_IBS_E2;TTCGGAAGAGACAGGTACGTTA;26 259;26 280;22;NC_045512.2;2020.04.30;10.5607/en20009;Won J et al. 2020.;-
E;IBS;South Korea;R;Won-E2;SARS-CoV-2_IBS_E2;AGCAGTACGCACACAATCG;26 356;26 374;19;NC_045512.2;2020.04.30;10.5607/en20009;Won J et al. 2020.;-
N;IBS;South Korea;F;Won-N1;SARS-CoV-2_IBS_N1;CAATGCTGCAATCGTGCTAC;28 732;28 751;20;NC_045512.2;2020.04.30;10.5607/en20009;Won J et al. 2020.;-
N;IBS;South Korea;R;Won-N1;SARS-CoV-2_IBS_N1;GTTGCGACTACGTGATGAGG;28 830;28 849;20;NC_045512.2;2020.04.30;10.5607/en20009;Won J et al. 2020.;-
N;IBS;South Korea;F;Won-N2;SARS-CoV-2_IBS_N2;GCTGCAATCGTGCTACAACT;28 736;28 755;20;NC_045512.2;2020.04.30;10.5607/en20009;Won J et al. 2020.;-
N;IBS;South Korea;R;Won-N2;SARS-CoV-2_IBS_N2;TGAACTGTTGCGACTACGTG;28 836;28 855;20;NC_045512.2;2020.04.30;10.5607/en20009;Won J et al. 2020.;-
RdRP;IBS;South Korea;F;Won-RdRP1;SARS-CoV-2_IBS_RdRP1;CATGTGTGGCGGTTCACTAT;15 441;15 460;20;NC_045512.2;2020.04.30;10.5607/en20009;Won J et al. 2020.;-
RdRP;IBS;South Korea;R;Won-RdRP1;SARS-CoV-2_IBS_RdRP1;TGCATTAACATTGGCCGTGA;15 539;15 558;20;NC_045512.2;2020.04.30;10.5607/en20009;Won J et al. 2020.;-
RdRP;IBS;South Korea;F;Won-RdRP2;SARS-CoV-2_IBS_RdRP2;AGAATAGAGCTCGCACCGTA;15 092;15 111;20;NC_045512.2;2020.04.30;10.5607/en20009;Won J et al. 2020.;-
RdRP;IBS;South Korea;R;Won-RdRP2;SARS-CoV-2_IBS_RdRP2;CTCCTCTAGTGGCGGCTATT;15 174;15 193;20;NC_045512.2;2020.04.30;10.5607/en20009;Won J et al. 2020.;-
RdRP;IBS;South Korea;F;Won-RdRP3;SARS-CoV-2_IBS_RdRP3;TCTGTGATGCCATGCGAAAT;14 015;14 034;20;NC_045512.2;2020.04.30;10.5607/en20009;Won J et al. 2020.;-
RdRP;IBS;South Korea;R;Won-RdRP3;SARS-CoV-2_IBS_RdRP3;ACTACCTGGCGTGGTTTGTA;14 108;14 127;20;NC_045512.2;2020.04.30;10.5607/en20009;Won J et al. 2020.;-
S;IBS;South Korea;F;Won-S1;SARS-CoV-2_IBS_S1;CTACATGCACCAGCAACTGT;23 114;23 133;20;NC_045512.2;2020.04.30;10.5607/en20009;Won J et al. 2020.;-
S;IBS;South Korea;R;Won-S1;SARS-CoV-2_IBS_S1;CACCTGTGCCTGTTAAACCA;23 194;23 213;20;NC_045512.2;2020.04.30;10.5607/en20009;Won J et al. 2020.;-
S;IBS;South Korea;F;Won-S2;SARS-CoV-2_IBS_S2;GCTGGTGCTGCAGCTTATTA;22 340;22 359;20;NC_045512.2;2020.04.30;10.5607/en20009;Won J et al. 2020.;-
S;IBS;South Korea;R;Won-S2;SARS-CoV-2_IBS_S2;AGGGTCAAGTGCACAGTCTA;22 428;22 447;20;NC_045512.2;2020.04.30;10.5607/en20009;Won J et al. 2020.;-
ORF1ab;Queen Mary Hospital, HKSAR;Hong Kong;F;Yip-ORF1ab;nsp2f;ATGCATTTGCATCAGAGGCT;1866;1885;20;NC_045512.2;2020.04.08;10.3390/ijms21072574;Yip et al 2020;-
ORF1ab;Queen Mary Hospital, HKSAR;Hong Kong;R;Yip-ORF1ab;nsp2r;TTGTTATAGCGGCCTTCTGT;1951;1970;20;NC_045512.2;2020.04.08;10.3390/ijms21072574;Yip et al 2020;-
N;NCID;Singapore;F;Young-N;Young-N;CTCAGTCCAAGATGGTATTTCT;28 583;28 604;22;NC_045512.2;2020.03.03;10.1001/jama.2020.3204;Young et al. 2020;-
N;NCID;Singapore;R;Young-N;Young-N;AGCACCATAGGGAAGTCC;28 631;28 648;18;NC_045512.2;2020.03.03;10.1001/jama.2020.3204;Young et al. 2020;-
ORF1ab;NCID;Singapore;F;Young-ORF1ab;Young-ORF1ab;TCATTGTTAATGCCTATATTAACC;14 155;14 178;24;NC_045512.2;2020.03.03;10.1001/jama.2020.3204;Young et al. 2020;-
ORF1ab;NCID;Singapore;R;Young-ORF1ab;Young-ORF1ab;CACTTAATGTAAGGCTTTGTTAAG;14 220;14 243;24;NC_045512.2;2020.03.03;10.1001/jama.2020.3204;Young et al. 2020;-
S;NCID;Singapore;F;Young-S;Young-S;TATACATGTCTCTGGGACCA;21 763;21 782;20;NC_045512.2;2020.03.03;10.1001/jama.2020.3204;Young et al. 2020;-
S;NCID;Singapore;R;Young-S;Young-S;ATCCAGCCTCTTATTATGTTAGAC;21 853;21 876;24;NC_045512.2;2020.03.03;10.1001/jama.2020.3204;Young et al. 2020;-
N;CDC-US;USA;probe;Lu-N1;2019-nCoV_N1-probe;ACCCCGCATTACGTTTGGTGGACC;28 309;28 332;24;NC_045512.2;2020.06.06; 10.3201/eid2608.201246;Lu et al. 2020;https://bit.ly/2ZBuyk5
N;CDC-US;USA;probe;Lu-N2;2019-nCoV_N2-probe;ACAATTTGCCCCCAGCGCTTCAG;29 188;29210;23;NC_045512.2;2020.06.06; 10.3201/eid2608.201246;Lu et al. 2020;https://bit.ly/2ZBuyk5
N;CDC-US;USA;probe;Lu-N3;2019-nCoV_N3-probe;AYCACATTGGCACCCGCAATCCTG;28 704;28 727;24;NC_045512.2;2020.06.06; 10.3201/eid2608.201246;Lu et al. 2020;-
N;DMSC;Thailand;probe;DMSC-N;WH-NIC N-P;CAACTGGCAGTAACCA;28 341;28 356;16;NC_045512.2;2020.01.23;-;DMSC-MPH;https://bit.ly/2ZxOnsw
N;HKU;Hong Kong;probe;Chan-N;COVID-19-N;AACGTGGTTGACCTACACAGST;29 257;29 278;22;NC_045512.2;2020.03.04;10.1128/JCM.00310-20;Chan et al 2020;-
RdRp;HKU;Hong Kong;probe;Chan-RdRp;COVID-19-RdRp/Hel;TTAAGATGTGGTGCTTGCATACGTAGAC;16 276;16 303;28;NC_045512.2;2020.03.04;10.1128/JCM.00310-20;Chan et al 2020;-
S;HKU;Hong Kong;probe;Chan-S;COVID-19-S;CGCTCCAGGGCAAACTGGAAAG;22 792;22 813;22;NC_045512.2;2020.03.04;10.1128/JCM.00310-20;Chan et al 2020;-
N;NCID;Singapore;probe;Young-N;Young-N;ACCTAGGAACTGGCCCAGAAGCT;28608;28630;23;NC_045512.2;2020.03.03;10.1001/jama.2020.3204;Young et al. 2020;-
ORF1ab;NCID;Singapore;probe;Young-ORF1ab;Young-ORF1ab;AACTGCAGAGTCACATGTTGACA;14193;14215;23;NC_045512.2;2020.03.03;10.1001/jama.2020.3204;Young et al. 2020;-
S;NCID;Singapore;probe;Young-S;Young-S;CTAAGAGGTTTGATAACCCTGTCCTACC;21789;21816;28;NC_045512.2;2020.03.03;10.1001/jama.2020.3204;Young et al. 2020;-
E;Charité;Germany;probe;Corman-E;E_Sarbeco_P1;ACACTAGCCATCCTTACTGCGCTTCG;26332;26357;26;NC_045512.2;2020.01.23;10.2807/1560-7917.ES.2020.25.3.2000045;Corman et al 2020;https://bit.ly/2ZxOnsw
N;Charité;Germany;probe;Corman-N;N_Sarbeco_P;ACTTCCTCAAGGAACAACATTGCCA;28753;28777;25;NC_045512.2;2020.01.23;10.2807/1560-7917.ES.2020.25.3.2000045;Corman et al 2020;-
RdRP;Charité;Germany;probe;Corman-RdRP;RdRp_SARSr-P2;CAGGTGGAACCTCATCAGGAGATGC;15470;15494;25;NC_045512.2;2020.01.23;10.2807/1560-7917.ES.2020.25.3.2000045;Corman et al 2020;-
RdRP;Charité;Germany;probe;Corman-RdRP;RdRP_SARSr-P1;CCAGGTGGWACRTCATCMGGTGATGC;15469;15494;26;NC_045512.2;2020.01.23;10.2807/1560-7917.ES.2020.25.3.2000045;Corman et al 2020;-
RdRP;Institut Pasteur;France;probe;NRC-IP-RdRP1;nCoV_IP2-12696bProbe(+);AGATGTCTTGTGCTGCCGGTA;12717;12737;21;NC_045512.2;2020.01.23;-;NRC-IP;https://bit.ly/2ZxOnsw
RdRP;Institut Pasteur;France;probe;NRC-IP-RdRP2;nCoV_IP4-14084Probe(+);TCATACAAACCACGCCAGG;14105;14123;19;NC_045512.2;2020.01.23;-;NRC-IP;https://bit.ly/2ZxOnsw
E;Wuhan Jinyintan Hospital ;China;probe;Huang-E;Huang-E;CTAGTTACACTAGCCATCCTTACTGC;26326;26351;26;NC_045512.2;2020.01.30;10.1016/S0140-6736(20)30183-5;Huang et al. 2020;-
ORF1ab;CDC-China;China;probe;Niu-ORF1ab;ORF1ab;CCGTCTGCGGTATGTGGAAAGGTTATGG;13377;13404;28;NC_045512.2;2020.04.17;10.46234/ccdcw2020.116;Niu et al. 2020;https://bit.ly/2ZxOnsw
E;CDC-China;China;probe;Niu-E;E;GTTACACTAGCCATCCTTACTGCGCTTCGA;26329;26358;30;NC_045512.2;2020.04.17;10.46234/ccdcw2020.116;Niu et al. 2020;-
N;CDC-China;China;probe;Niu-N;N;TTGCTGCTGCTTGACAGATT;28934;28953;20;NC_045512.2;2020.04.17;10.46234/ccdcw2020.116;Niu et al. 2020;https://bit.ly/2ZxOnsw
RdRp;CDC-China;China;F;Niu-RdRp;RdRp;GGTCATGTGTGGCGGCTC;15438;15455;18;NC_045512.2;2020.04.17;10.46234/ccdcw2020.116;Niu et al. 2020;-
RdRp;CDC-China;China;R;Niu-RdRp;RdRp;GCTGTAACAGCTTGACAAATGAAAG;15525;15545;21;NC_045512.2;2020.04.17;10.46234/ccdcw2020.116;Niu et al. 2020;-
RdRp;CDC-China;China;probe;Niu-RdRp;RdRp;CTATATGTTAAACCAGGTGGAAC;15457;15479;23;NC_045512.2;2020.04.17;10.46234/ccdcw2020.116;Niu et al. 2020;-
ORF1ab;HKU;Hong Kong;probe;Chu-ORF1ab;HKU-ORF1ab;TAGTTGTGATGCWATCATGACTAG;18849;18872;24;NC_045512.2;2020.04.01;10.1093/clinchem/hvaa029;Chu et al 2020;https://bit.ly/2ZxOnsw
N;HKU;Hong Kong;probe;Chu-N;HKU-N;GCAAATTGTGCAATTTGCGG;29177;29196;20;NC_045512.2;2020.04.01;10.1093/clinchem/hvaa029;Chu et al 2020;https://bit.ly/2ZxOnsw
N;NIID;Japan;probe;Shirato-N;NIID_2019-nCOV_N_P2;ATGTCGCGCATTGGCATGGA;29222;29241;20;NC_045512.2;2020.07.22;10.7883/yoken.JJID.2020.061;Shirato et al. 2020;https://bit.ly/2ZxOnsw
